[
  {
    "id": 1,
    "code": "001",
    "name": "Quận Ba Đình",
    "provinceId": 1
  },
  {
    "id": 2,
    "code": "002",
    "name": "Quận Hoàn Kiếm",
    "provinceId": 1
  },
  {
    "id": 3,
    "code": "003",
    "name": "Quận Tây Hồ",
    "provinceId": 1
  },
  {
    "id": 4,
    "code": "004",
    "name": "Quận Long Biên",
    "provinceId": 1
  },
  {
    "id": 5,
    "code": "005",
    "name": "Quận Cầu Giấy",
    "provinceId": 1
  },
  {
    "id": 6,
    "code": "006",
    "name": "Quận Đống Đa",
    "provinceId": 1
  },
  {
    "id": 7,
    "code": "007",
    "name": "Quận Hai Bà Trưng",
    "provinceId": 1
  },
  {
    "id": 8,
    "code": "008",
    "name": "Quận Hoàng Mai",
    "provinceId": 1
  },
  {
    "id": 9,
    "code": "009",
    "name": "Quận Thanh Xuân",
    "provinceId": 1
  },
  {
    "id": 10,
    "code": "016",
    "name": "Huyện Sóc Sơn",
    "provinceId": 1
  },
  {
    "id": 11,
    "code": "017",
    "name": "Huyện Đông Anh",
    "provinceId": 1
  },
  {
    "id": 12,
    "code": "018",
    "name": "Huyện Gia Lâm",
    "provinceId": 1
  },
  {
    "id": 13,
    "code": "019",
    "name": "Quận Nam Từ Liêm",
    "provinceId": 1
  },
  {
    "id": 14,
    "code": "020",
    "name": "Huyện Thanh Trì",
    "provinceId": 1
  },
  {
    "id": 15,
    "code": "021",
    "name": "Quận Bắc Từ Liêm",
    "provinceId": 1
  },
  {
    "id": 16,
    "code": 250,
    "name": "Huyện Mê Linh",
    "provinceId": 1
  },
  {
    "id": 17,
    "code": 268,
    "name": "Quận Hà Đông",
    "provinceId": 1
  },
  {
    "id": 18,
    "code": 269,
    "name": "Thị xã Sơn Tây",
    "provinceId": 1
  },
  {
    "id": 19,
    "code": 271,
    "name": "Huyện Ba Vì",
    "provinceId": 1
  },
  {
    "id": 20,
    "code": 272,
    "name": "Huyện Phúc Thọ",
    "provinceId": 1
  },
  {
    "id": 21,
    "code": 273,
    "name": "Huyện Đan Phượng",
    "provinceId": 1
  },
  {
    "id": 22,
    "code": 274,
    "name": "Huyện Hoài Đức",
    "provinceId": 1
  },
  {
    "id": 23,
    "code": 275,
    "name": "Huyện Quốc Oai",
    "provinceId": 1
  },
  {
    "id": 24,
    "code": 276,
    "name": "Huyện Thạch Thất",
    "provinceId": 1
  },
  {
    "id": 25,
    "code": 277,
    "name": "Huyện Chương Mỹ",
    "provinceId": 1
  },
  {
    "id": 26,
    "code": 278,
    "name": "Huyện Thanh Oai",
    "provinceId": 1
  },
  {
    "id": 27,
    "code": 279,
    "name": "Huyện Thường Tín",
    "provinceId": 1
  },
  {
    "id": 28,
    "code": 280,
    "name": "Huyện Phú Xuyên",
    "provinceId": 1
  },
  {
    "id": 29,
    "code": 281,
    "name": "Huyện Ứng Hòa",
    "provinceId": 1
  },
  {
    "id": 30,
    "code": 282,
    "name": "Huyện Mỹ Đức",
    "provinceId": 1
  },
  {
    "id": 31,
    "code": "024",
    "name": "Thành phố Hà Giang",
    "provinceId": 2
  },
  {
    "id": 32,
    "code": "026",
    "name": "Huyện Đồng Văn",
    "provinceId": 2
  },
  {
    "id": 33,
    "code": "027",
    "name": "Huyện Mèo Vạc",
    "provinceId": 2
  },
  {
    "id": 34,
    "code": "028",
    "name": "Huyện Yên Minh",
    "provinceId": 2
  },
  {
    "id": 35,
    "code": "029",
    "name": "Huyện Quản Bạ",
    "provinceId": 2
  },
  {
    "id": 36,
    "code": "030",
    "name": "Huyện Vị Xuyên",
    "provinceId": 2
  },
  {
    "id": 37,
    "code": "031",
    "name": "Huyện Bắc Mê",
    "provinceId": 2
  },
  {
    "id": 38,
    "code": "032",
    "name": "Huyện Hoàng Su Phì",
    "provinceId": 2
  },
  {
    "id": 39,
    "code": "033",
    "name": "Huyện Xín Mần",
    "provinceId": 2
  },
  {
    "id": 40,
    "code": "034",
    "name": "Huyện Bắc Quang",
    "provinceId": 2
  },
  {
    "id": 41,
    "code": "035",
    "name": "Huyện Quang Bình",
    "provinceId": 2
  },
  {
    "id": 42,
    "code": "040",
    "name": "Thành phố Cao Bằng",
    "provinceId": 3
  },
  {
    "id": 43,
    "code": "042",
    "name": "Huyện Bảo Lâm",
    "provinceId": 3
  },
  {
    "id": 44,
    "code": "043",
    "name": "Huyện Bảo Lạc",
    "provinceId": 3
  },
  {
    "id": 45,
    "code": "045",
    "name": "Huyện Hà Quảng",
    "provinceId": 3
  },
  {
    "id": 46,
    "code": "047",
    "name": "Huyện Trùng Khánh",
    "provinceId": 3
  },
  {
    "id": 47,
    "code": "048",
    "name": "Huyện Hạ Lang",
    "provinceId": 3
  },
  {
    "id": 48,
    "code": "049",
    "name": "Huyện Quảng Hòa",
    "provinceId": 3
  },
  {
    "id": 49,
    "code": "051",
    "name": "Huyện Hoà An",
    "provinceId": 3
  },
  {
    "id": 50,
    "code": "052",
    "name": "Huyện Nguyên Bình",
    "provinceId": 3
  },
  {
    "id": 51,
    "code": "053",
    "name": "Huyện Thạch An",
    "provinceId": 3
  },
  {
    "id": 52,
    "code": "058",
    "name": "Thành Phố Bắc Kạn",
    "provinceId": 4
  },
  {
    "id": 53,
    "code": "060",
    "name": "Huyện Pác Nặm",
    "provinceId": 4
  },
  {
    "id": 54,
    "code": "061",
    "name": "Huyện Ba Bể",
    "provinceId": 4
  },
  {
    "id": 55,
    "code": "062",
    "name": "Huyện Ngân Sơn",
    "provinceId": 4
  },
  {
    "id": 56,
    "code": "063",
    "name": "Huyện Bạch Thông",
    "provinceId": 4
  },
  {
    "id": 57,
    "code": "064",
    "name": "Huyện Chợ Đồn",
    "provinceId": 4
  },
  {
    "id": 58,
    "code": "065",
    "name": "Huyện Chợ Mới",
    "provinceId": 4
  },
  {
    "id": 59,
    "code": "066",
    "name": "Huyện Na Rì",
    "provinceId": 4
  },
  {
    "id": 60,
    "code": "070",
    "name": "Thành phố Tuyên Quang",
    "provinceId": 5
  },
  {
    "id": 61,
    "code": "071",
    "name": "Huyện Lâm Bình",
    "provinceId": 5
  },
  {
    "id": 62,
    "code": "072",
    "name": "Huyện Na Hang",
    "provinceId": 5
  },
  {
    "id": 63,
    "code": "073",
    "name": "Huyện Chiêm Hóa",
    "provinceId": 5
  },
  {
    "id": 64,
    "code": "074",
    "name": "Huyện Hàm Yên",
    "provinceId": 5
  },
  {
    "id": 65,
    "code": "075",
    "name": "Huyện Yên Sơn",
    "provinceId": 5
  },
  {
    "id": 66,
    "code": "076",
    "name": "Huyện Sơn Dương",
    "provinceId": 5
  },
  {
    "id": 67,
    "code": "080",
    "name": "Thành phố Lào Cai",
    "provinceId": 6
  },
  {
    "id": 68,
    "code": "082",
    "name": "Huyện Bát Xát",
    "provinceId": 6
  },
  {
    "id": 69,
    "code": "083",
    "name": "Huyện Mường Khương",
    "provinceId": 6
  },
  {
    "id": 70,
    "code": "084",
    "name": "Huyện Si Ma Cai",
    "provinceId": 6
  },
  {
    "id": 71,
    "code": "085",
    "name": "Huyện Bắc Hà",
    "provinceId": 6
  },
  {
    "id": 72,
    "code": "086",
    "name": "Huyện Bảo Thắng",
    "provinceId": 6
  },
  {
    "id": 73,
    "code": "087",
    "name": "Huyện Bảo Yên",
    "provinceId": 6
  },
  {
    "id": 74,
    "code": "088",
    "name": "Thị xã Sa Pa",
    "provinceId": 6
  },
  {
    "id": 75,
    "code": "089",
    "name": "Huyện Văn Bàn",
    "provinceId": 6
  },
  {
    "id": 76,
    "code": "094",
    "name": "Thành phố Điện Biên Phủ",
    "provinceId": 7
  },
  {
    "id": 77,
    "code": "095",
    "name": "Thị Xã Mường Lay",
    "provinceId": 7
  },
  {
    "id": 78,
    "code": "096",
    "name": "Huyện Mường Nhé",
    "provinceId": 7
  },
  {
    "id": 79,
    "code": "097",
    "name": "Huyện Mường Chà",
    "provinceId": 7
  },
  {
    "id": 80,
    "code": "098",
    "name": "Huyện Tủa Chùa",
    "provinceId": 7
  },
  {
    "id": 81,
    "code": "099",
    "name": "Huyện Tuần Giáo",
    "provinceId": 7
  },
  {
    "id": 82,
    "code": 100,
    "name": "Huyện Điện Biên",
    "provinceId": 7
  },
  {
    "id": 83,
    "code": 101,
    "name": "Huyện Điện Biên Đông",
    "provinceId": 7
  },
  {
    "id": 84,
    "code": 102,
    "name": "Huyện Mường Ảng",
    "provinceId": 7
  },
  {
    "id": 85,
    "code": 103,
    "name": "Huyện Nậm Pồ",
    "provinceId": 7
  },
  {
    "id": 86,
    "code": 105,
    "name": "Thành phố Lai Châu",
    "provinceId": 8
  },
  {
    "id": 87,
    "code": 106,
    "name": "Huyện Tam Đường",
    "provinceId": 8
  },
  {
    "id": 88,
    "code": 107,
    "name": "Huyện Mường Tè",
    "provinceId": 8
  },
  {
    "id": 89,
    "code": 108,
    "name": "Huyện Sìn Hồ",
    "provinceId": 8
  },
  {
    "id": 90,
    "code": 109,
    "name": "Huyện Phong Thổ",
    "provinceId": 8
  },
  {
    "id": 91,
    "code": 110,
    "name": "Huyện Than Uyên",
    "provinceId": 8
  },
  {
    "id": 92,
    "code": 111,
    "name": "Huyện Tân Uyên",
    "provinceId": 8
  },
  {
    "id": 93,
    "code": 112,
    "name": "Huyện Nậm Nhùn",
    "provinceId": 8
  },
  {
    "id": 94,
    "code": 116,
    "name": "Thành phố Sơn La",
    "provinceId": 9
  },
  {
    "id": 95,
    "code": 118,
    "name": "Huyện Quỳnh Nhai",
    "provinceId": 9
  },
  {
    "id": 96,
    "code": 119,
    "name": "Huyện Thuận Châu",
    "provinceId": 9
  },
  {
    "id": 97,
    "code": 120,
    "name": "Huyện Mường La",
    "provinceId": 9
  },
  {
    "id": 98,
    "code": 121,
    "name": "Huyện Bắc Yên",
    "provinceId": 9
  },
  {
    "id": 99,
    "code": 122,
    "name": "Huyện Phù Yên",
    "provinceId": 9
  },
  {
    "id": 100,
    "code": 123,
    "name": "Huyện Mộc Châu",
    "provinceId": 9
  },
  {
    "id": 101,
    "code": 124,
    "name": "Huyện Yên Châu",
    "provinceId": 9
  },
  {
    "id": 102,
    "code": 125,
    "name": "Huyện Mai Sơn",
    "provinceId": 9
  },
  {
    "id": 103,
    "code": 126,
    "name": "Huyện Sông Mã",
    "provinceId": 9
  },
  {
    "id": 104,
    "code": 127,
    "name": "Huyện Sốp Cộp",
    "provinceId": 9
  },
  {
    "id": 105,
    "code": 128,
    "name": "Huyện Vân Hồ",
    "provinceId": 9
  },
  {
    "id": 106,
    "code": 132,
    "name": "Thành phố Yên Bái",
    "provinceId": 10
  },
  {
    "id": 107,
    "code": 133,
    "name": "Thị xã Nghĩa Lộ",
    "provinceId": 10
  },
  {
    "id": 108,
    "code": 135,
    "name": "Huyện Lục Yên",
    "provinceId": 10
  },
  {
    "id": 109,
    "code": 136,
    "name": "Huyện Văn Yên",
    "provinceId": 10
  },
  {
    "id": 110,
    "code": 137,
    "name": "Huyện Mù Căng Chải",
    "provinceId": 10
  },
  {
    "id": 111,
    "code": 138,
    "name": "Huyện Trấn Yên",
    "provinceId": 10
  },
  {
    "id": 112,
    "code": 139,
    "name": "Huyện Trạm Tấu",
    "provinceId": 10
  },
  {
    "id": 113,
    "code": 140,
    "name": "Huyện Văn Chấn",
    "provinceId": 10
  },
  {
    "id": 114,
    "code": 141,
    "name": "Huyện Yên Bình",
    "provinceId": 10
  },
  {
    "id": 115,
    "code": 148,
    "name": "Thành phố Hòa Bình",
    "provinceId": 11
  },
  {
    "id": 116,
    "code": 150,
    "name": "Huyện Đà Bắc",
    "provinceId": 11
  },
  {
    "id": 117,
    "code": 152,
    "name": "Huyện Lương Sơn",
    "provinceId": 11
  },
  {
    "id": 118,
    "code": 153,
    "name": "Huyện Kim Bôi",
    "provinceId": 11
  },
  {
    "id": 119,
    "code": 154,
    "name": "Huyện Cao Phong",
    "provinceId": 11
  },
  {
    "id": 120,
    "code": 155,
    "name": "Huyện Tân Lạc",
    "provinceId": 11
  },
  {
    "id": 121,
    "code": 156,
    "name": "Huyện Mai Châu",
    "provinceId": 11
  },
  {
    "id": 122,
    "code": 157,
    "name": "Huyện Lạc Sơn",
    "provinceId": 11
  },
  {
    "id": 123,
    "code": 158,
    "name": "Huyện Yên Thủy",
    "provinceId": 11
  },
  {
    "id": 124,
    "code": 159,
    "name": "Huyện Lạc Thủy",
    "provinceId": 11
  },
  {
    "id": 125,
    "code": 164,
    "name": "Thành phố Thái Nguyên",
    "provinceId": 12
  },
  {
    "id": 126,
    "code": 165,
    "name": "Thành phố Sông Công",
    "provinceId": 12
  },
  {
    "id": 127,
    "code": 167,
    "name": "Huyện Định Hóa",
    "provinceId": 12
  },
  {
    "id": 128,
    "code": 168,
    "name": "Huyện Phú Lương",
    "provinceId": 12
  },
  {
    "id": 129,
    "code": 169,
    "name": "Huyện Đồng Hỷ",
    "provinceId": 12
  },
  {
    "id": 130,
    "code": 170,
    "name": "Huyện Võ Nhai",
    "provinceId": 12
  },
  {
    "id": 131,
    "code": 171,
    "name": "Huyện Đại Từ",
    "provinceId": 12
  },
  {
    "id": 132,
    "code": 172,
    "name": "Thị xã Phổ Yên",
    "provinceId": 12
  },
  {
    "id": 133,
    "code": 173,
    "name": "Huyện Phú Bình",
    "provinceId": 12
  },
  {
    "id": 134,
    "code": 178,
    "name": "Thành phố Lạng Sơn",
    "provinceId": 13
  },
  {
    "id": 135,
    "code": 180,
    "name": "Huyện Tràng Định",
    "provinceId": 13
  },
  {
    "id": 136,
    "code": 181,
    "name": "Huyện Bình Gia",
    "provinceId": 13
  },
  {
    "id": 137,
    "code": 182,
    "name": "Huyện Văn Lãng",
    "provinceId": 13
  },
  {
    "id": 138,
    "code": 183,
    "name": "Huyện Cao Lộc",
    "provinceId": 13
  },
  {
    "id": 139,
    "code": 184,
    "name": "Huyện Văn Quan",
    "provinceId": 13
  },
  {
    "id": 140,
    "code": 185,
    "name": "Huyện Bắc Sơn",
    "provinceId": 13
  },
  {
    "id": 141,
    "code": 186,
    "name": "Huyện Hữu Lũng",
    "provinceId": 13
  },
  {
    "id": 142,
    "code": 187,
    "name": "Huyện Chi Lăng",
    "provinceId": 13
  },
  {
    "id": 143,
    "code": 188,
    "name": "Huyện Lộc Bình",
    "provinceId": 13
  },
  {
    "id": 144,
    "code": 189,
    "name": "Huyện Đình Lập",
    "provinceId": 13
  },
  {
    "id": 145,
    "code": 193,
    "name": "Thành phố Hạ Long",
    "provinceId": 14
  },
  {
    "id": 146,
    "code": 194,
    "name": "Thành phố Móng Cái",
    "provinceId": 14
  },
  {
    "id": 147,
    "code": 195,
    "name": "Thành phố Cẩm Phả",
    "provinceId": 14
  },
  {
    "id": 148,
    "code": 196,
    "name": "Thành phố Uông Bí",
    "provinceId": 14
  },
  {
    "id": 149,
    "code": 198,
    "name": "Huyện Bình Liêu",
    "provinceId": 14
  },
  {
    "id": 150,
    "code": 199,
    "name": "Huyện Tiên Yên",
    "provinceId": 14
  },
  {
    "id": 151,
    "code": 200,
    "name": "Huyện Đầm Hà",
    "provinceId": 14
  },
  {
    "id": 152,
    "code": 201,
    "name": "Huyện Hải Hà",
    "provinceId": 14
  },
  {
    "id": 153,
    "code": 202,
    "name": "Huyện Ba Chẽ",
    "provinceId": 14
  },
  {
    "id": 154,
    "code": 203,
    "name": "Huyện Vân Đồn",
    "provinceId": 14
  },
  {
    "id": 155,
    "code": 205,
    "name": "Thị xã Đông Triều",
    "provinceId": 14
  },
  {
    "id": 156,
    "code": 206,
    "name": "Thị xã Quảng Yên",
    "provinceId": 14
  },
  {
    "id": 157,
    "code": 207,
    "name": "Huyện Cô Tô",
    "provinceId": 14
  },
  {
    "id": 158,
    "code": 213,
    "name": "Thành phố Bắc Giang",
    "provinceId": 15
  },
  {
    "id": 159,
    "code": 215,
    "name": "Huyện Yên Thế",
    "provinceId": 15
  },
  {
    "id": 160,
    "code": 216,
    "name": "Huyện Tân Yên",
    "provinceId": 15
  },
  {
    "id": 161,
    "code": 217,
    "name": "Huyện Lạng Giang",
    "provinceId": 15
  },
  {
    "id": 162,
    "code": 218,
    "name": "Huyện Lục Nam",
    "provinceId": 15
  },
  {
    "id": 163,
    "code": 219,
    "name": "Huyện Lục Ngạn",
    "provinceId": 15
  },
  {
    "id": 164,
    "code": 220,
    "name": "Huyện Sơn Động",
    "provinceId": 15
  },
  {
    "id": 165,
    "code": 221,
    "name": "Huyện Yên Dũng",
    "provinceId": 15
  },
  {
    "id": 166,
    "code": 222,
    "name": "Huyện Việt Yên",
    "provinceId": 15
  },
  {
    "id": 167,
    "code": 223,
    "name": "Huyện Hiệp Hòa",
    "provinceId": 15
  },
  {
    "id": 168,
    "code": 227,
    "name": "Thành phố Việt Trì",
    "provinceId": 16
  },
  {
    "id": 169,
    "code": 228,
    "name": "Thị xã Phú Thọ",
    "provinceId": 16
  },
  {
    "id": 170,
    "code": 230,
    "name": "Huyện Đoan Hùng",
    "provinceId": 16
  },
  {
    "id": 171,
    "code": 231,
    "name": "Huyện Hạ Hoà",
    "provinceId": 16
  },
  {
    "id": 172,
    "code": 232,
    "name": "Huyện Thanh Ba",
    "provinceId": 16
  },
  {
    "id": 173,
    "code": 233,
    "name": "Huyện Phù Ninh",
    "provinceId": 16
  },
  {
    "id": 174,
    "code": 234,
    "name": "Huyện Yên Lập",
    "provinceId": 16
  },
  {
    "id": 175,
    "code": 235,
    "name": "Huyện Cẩm Khê",
    "provinceId": 16
  },
  {
    "id": 176,
    "code": 236,
    "name": "Huyện Tam Nông",
    "provinceId": 16
  },
  {
    "id": 177,
    "code": 237,
    "name": "Huyện Lâm Thao",
    "provinceId": 16
  },
  {
    "id": 178,
    "code": 238,
    "name": "Huyện Thanh Sơn",
    "provinceId": 16
  },
  {
    "id": 179,
    "code": 239,
    "name": "Huyện Thanh Thuỷ",
    "provinceId": 16
  },
  {
    "id": 180,
    "code": 240,
    "name": "Huyện Tân Sơn",
    "provinceId": 16
  },
  {
    "id": 181,
    "code": 243,
    "name": "Thành phố Vĩnh Yên",
    "provinceId": 17
  },
  {
    "id": 182,
    "code": 244,
    "name": "Thành phố Phúc Yên",
    "provinceId": 17
  },
  {
    "id": 183,
    "code": 246,
    "name": "Huyện Lập Thạch",
    "provinceId": 17
  },
  {
    "id": 184,
    "code": 247,
    "name": "Huyện Tam Dương",
    "provinceId": 17
  },
  {
    "id": 185,
    "code": 248,
    "name": "Huyện Tam Đảo",
    "provinceId": 17
  },
  {
    "id": 186,
    "code": 249,
    "name": "Huyện Bình Xuyên",
    "provinceId": 17
  },
  {
    "id": 187,
    "code": 251,
    "name": "Huyện Yên Lạc",
    "provinceId": 17
  },
  {
    "id": 188,
    "code": 252,
    "name": "Huyện Vĩnh Tường",
    "provinceId": 17
  },
  {
    "id": 189,
    "code": 253,
    "name": "Huyện Sông Lô",
    "provinceId": 17
  },
  {
    "id": 190,
    "code": 256,
    "name": "Thành phố Bắc Ninh",
    "provinceId": 18
  },
  {
    "id": 191,
    "code": 258,
    "name": "Huyện Yên Phong",
    "provinceId": 18
  },
  {
    "id": 192,
    "code": 259,
    "name": "Huyện Quế Võ",
    "provinceId": 18
  },
  {
    "id": 193,
    "code": 260,
    "name": "Huyện Tiên Du",
    "provinceId": 18
  },
  {
    "id": 194,
    "code": 261,
    "name": "Thị xã Từ Sơn",
    "provinceId": 18
  },
  {
    "id": 195,
    "code": 262,
    "name": "Huyện Thuận Thành",
    "provinceId": 18
  },
  {
    "id": 196,
    "code": 263,
    "name": "Huyện Gia Bình",
    "provinceId": 18
  },
  {
    "id": 197,
    "code": 264,
    "name": "Huyện Lương Tài",
    "provinceId": 18
  },
  {
    "id": 198,
    "code": 288,
    "name": "Thành phố Hải Dương",
    "provinceId": 19
  },
  {
    "id": 199,
    "code": 290,
    "name": "Thành phố Chí Linh",
    "provinceId": 19
  },
  {
    "id": 200,
    "code": 291,
    "name": "Huyện Nam Sách",
    "provinceId": 19
  },
  {
    "id": 201,
    "code": 292,
    "name": "Thị xã Kinh Môn",
    "provinceId": 19
  },
  {
    "id": 202,
    "code": 293,
    "name": "Huyện Kim Thành",
    "provinceId": 19
  },
  {
    "id": 203,
    "code": 294,
    "name": "Huyện Thanh Hà",
    "provinceId": 19
  },
  {
    "id": 204,
    "code": 295,
    "name": "Huyện Cẩm Giàng",
    "provinceId": 19
  },
  {
    "id": 205,
    "code": 296,
    "name": "Huyện Bình Giang",
    "provinceId": 19
  },
  {
    "id": 206,
    "code": 297,
    "name": "Huyện Gia Lộc",
    "provinceId": 19
  },
  {
    "id": 207,
    "code": 298,
    "name": "Huyện Tứ Kỳ",
    "provinceId": 19
  },
  {
    "id": 208,
    "code": 299,
    "name": "Huyện Ninh Giang",
    "provinceId": 19
  },
  {
    "id": 209,
    "code": 300,
    "name": "Huyện Thanh Miện",
    "provinceId": 19
  },
  {
    "id": 210,
    "code": 303,
    "name": "Quận Hồng Bàng",
    "provinceId": 20
  },
  {
    "id": 211,
    "code": 304,
    "name": "Quận Ngô Quyền",
    "provinceId": 20
  },
  {
    "id": 212,
    "code": 305,
    "name": "Quận Lê Chân",
    "provinceId": 20
  },
  {
    "id": 213,
    "code": 306,
    "name": "Quận Hải An",
    "provinceId": 20
  },
  {
    "id": 214,
    "code": 307,
    "name": "Quận Kiến An",
    "provinceId": 20
  },
  {
    "id": 215,
    "code": 308,
    "name": "Quận Đồ Sơn",
    "provinceId": 20
  },
  {
    "id": 216,
    "code": 309,
    "name": "Quận Dương Kinh",
    "provinceId": 20
  },
  {
    "id": 217,
    "code": 311,
    "name": "Huyện Thuỷ Nguyên",
    "provinceId": 20
  },
  {
    "id": 218,
    "code": 312,
    "name": "Huyện An Dương",
    "provinceId": 20
  },
  {
    "id": 219,
    "code": 313,
    "name": "Huyện An Lão",
    "provinceId": 20
  },
  {
    "id": 220,
    "code": 314,
    "name": "Huyện Kiến Thuỵ",
    "provinceId": 20
  },
  {
    "id": 221,
    "code": 315,
    "name": "Huyện Tiên Lãng",
    "provinceId": 20
  },
  {
    "id": 222,
    "code": 316,
    "name": "Huyện Vĩnh Bảo",
    "provinceId": 20
  },
  {
    "id": 223,
    "code": 317,
    "name": "Huyện Cát Hải",
    "provinceId": 20
  },
  {
    "id": 224,
    "code": 318,
    "name": "Huyện Bạch Long Vĩ",
    "provinceId": 20
  },
  {
    "id": 225,
    "code": 323,
    "name": "Thành phố Hưng Yên",
    "provinceId": 21
  },
  {
    "id": 226,
    "code": 325,
    "name": "Huyện Văn Lâm",
    "provinceId": 21
  },
  {
    "id": 227,
    "code": 326,
    "name": "Huyện Văn Giang",
    "provinceId": 21
  },
  {
    "id": 228,
    "code": 327,
    "name": "Huyện Yên Mỹ",
    "provinceId": 21
  },
  {
    "id": 229,
    "code": 328,
    "name": "Thị xã Mỹ Hào",
    "provinceId": 21
  },
  {
    "id": 230,
    "code": 329,
    "name": "Huyện Ân Thi",
    "provinceId": 21
  },
  {
    "id": 231,
    "code": 330,
    "name": "Huyện Khoái Châu",
    "provinceId": 21
  },
  {
    "id": 232,
    "code": 331,
    "name": "Huyện Kim Động",
    "provinceId": 21
  },
  {
    "id": 233,
    "code": 332,
    "name": "Huyện Tiên Lữ",
    "provinceId": 21
  },
  {
    "id": 234,
    "code": 333,
    "name": "Huyện Phù Cừ",
    "provinceId": 21
  },
  {
    "id": 235,
    "code": 336,
    "name": "Thành phố Thái Bình",
    "provinceId": 22
  },
  {
    "id": 236,
    "code": 338,
    "name": "Huyện Quỳnh Phụ",
    "provinceId": 22
  },
  {
    "id": 237,
    "code": 339,
    "name": "Huyện Hưng Hà",
    "provinceId": 22
  },
  {
    "id": 238,
    "code": 340,
    "name": "Huyện Đông Hưng",
    "provinceId": 22
  },
  {
    "id": 239,
    "code": 341,
    "name": "Huyện Thái Thụy",
    "provinceId": 22
  },
  {
    "id": 240,
    "code": 342,
    "name": "Huyện Tiền Hải",
    "provinceId": 22
  },
  {
    "id": 241,
    "code": 343,
    "name": "Huyện Kiến Xương",
    "provinceId": 22
  },
  {
    "id": 242,
    "code": 344,
    "name": "Huyện Vũ Thư",
    "provinceId": 22
  },
  {
    "id": 243,
    "code": 347,
    "name": "Thành phố Phủ Lý",
    "provinceId": 23
  },
  {
    "id": 244,
    "code": 349,
    "name": "Thị xã Duy Tiên",
    "provinceId": 23
  },
  {
    "id": 245,
    "code": 350,
    "name": "Huyện Kim Bảng",
    "provinceId": 23
  },
  {
    "id": 246,
    "code": 351,
    "name": "Huyện Thanh Liêm",
    "provinceId": 23
  },
  {
    "id": 247,
    "code": 352,
    "name": "Huyện Bình Lục",
    "provinceId": 23
  },
  {
    "id": 248,
    "code": 353,
    "name": "Huyện Lý Nhân",
    "provinceId": 23
  },
  {
    "id": 249,
    "code": 356,
    "name": "Thành phố Nam Định",
    "provinceId": 24
  },
  {
    "id": 250,
    "code": 358,
    "name": "Huyện Mỹ Lộc",
    "provinceId": 24
  },
  {
    "id": 251,
    "code": 359,
    "name": "Huyện Vụ Bản",
    "provinceId": 24
  },
  {
    "id": 252,
    "code": 360,
    "name": "Huyện Ý Yên",
    "provinceId": 24
  },
  {
    "id": 253,
    "code": 361,
    "name": "Huyện Nghĩa Hưng",
    "provinceId": 24
  },
  {
    "id": 254,
    "code": 362,
    "name": "Huyện Nam Trực",
    "provinceId": 24
  },
  {
    "id": 255,
    "code": 363,
    "name": "Huyện Trực Ninh",
    "provinceId": 24
  },
  {
    "id": 256,
    "code": 364,
    "name": "Huyện Xuân Trường",
    "provinceId": 24
  },
  {
    "id": 257,
    "code": 365,
    "name": "Huyện Giao Thủy",
    "provinceId": 24
  },
  {
    "id": 258,
    "code": 366,
    "name": "Huyện Hải Hậu",
    "provinceId": 24
  },
  {
    "id": 259,
    "code": 369,
    "name": "Thành phố Ninh Bình",
    "provinceId": 25
  },
  {
    "id": 260,
    "code": 370,
    "name": "Thành phố Tam Điệp",
    "provinceId": 25
  },
  {
    "id": 261,
    "code": 372,
    "name": "Huyện Nho Quan",
    "provinceId": 25
  },
  {
    "id": 262,
    "code": 373,
    "name": "Huyện Gia Viễn",
    "provinceId": 25
  },
  {
    "id": 263,
    "code": 374,
    "name": "Huyện Hoa Lư",
    "provinceId": 25
  },
  {
    "id": 264,
    "code": 375,
    "name": "Huyện Yên Khánh",
    "provinceId": 25
  },
  {
    "id": 265,
    "code": 376,
    "name": "Huyện Kim Sơn",
    "provinceId": 25
  },
  {
    "id": 266,
    "code": 377,
    "name": "Huyện Yên Mô",
    "provinceId": 25
  },
  {
    "id": 267,
    "code": 380,
    "name": "Thành phố Thanh Hóa",
    "provinceId": 26
  },
  {
    "id": 268,
    "code": 381,
    "name": "Thị xã Bỉm Sơn",
    "provinceId": 26
  },
  {
    "id": 269,
    "code": 382,
    "name": "Thành phố Sầm Sơn",
    "provinceId": 26
  },
  {
    "id": 270,
    "code": 384,
    "name": "Huyện Mường Lát",
    "provinceId": 26
  },
  {
    "id": 271,
    "code": 385,
    "name": "Huyện Quan Hóa",
    "provinceId": 26
  },
  {
    "id": 272,
    "code": 386,
    "name": "Huyện Bá Thước",
    "provinceId": 26
  },
  {
    "id": 273,
    "code": 387,
    "name": "Huyện Quan Sơn",
    "provinceId": 26
  },
  {
    "id": 274,
    "code": 388,
    "name": "Huyện Lang Chánh",
    "provinceId": 26
  },
  {
    "id": 275,
    "code": 389,
    "name": "Huyện Ngọc Lặc",
    "provinceId": 26
  },
  {
    "id": 276,
    "code": 390,
    "name": "Huyện Cẩm Thủy",
    "provinceId": 26
  },
  {
    "id": 277,
    "code": 391,
    "name": "Huyện Thạch Thành",
    "provinceId": 26
  },
  {
    "id": 278,
    "code": 392,
    "name": "Huyện Hà Trung",
    "provinceId": 26
  },
  {
    "id": 279,
    "code": 393,
    "name": "Huyện Vĩnh Lộc",
    "provinceId": 26
  },
  {
    "id": 280,
    "code": 394,
    "name": "Huyện Yên Định",
    "provinceId": 26
  },
  {
    "id": 281,
    "code": 395,
    "name": "Huyện Thọ Xuân",
    "provinceId": 26
  },
  {
    "id": 282,
    "code": 396,
    "name": "Huyện Thường Xuân",
    "provinceId": 26
  },
  {
    "id": 283,
    "code": 397,
    "name": "Huyện Triệu Sơn",
    "provinceId": 26
  },
  {
    "id": 284,
    "code": 398,
    "name": "Huyện Thiệu Hóa",
    "provinceId": 26
  },
  {
    "id": 285,
    "code": 399,
    "name": "Huyện Hoằng Hóa",
    "provinceId": 26
  },
  {
    "id": 286,
    "code": 400,
    "name": "Huyện Hậu Lộc",
    "provinceId": 26
  },
  {
    "id": 287,
    "code": 401,
    "name": "Huyện Nga Sơn",
    "provinceId": 26
  },
  {
    "id": 288,
    "code": 402,
    "name": "Huyện Như Xuân",
    "provinceId": 26
  },
  {
    "id": 289,
    "code": 403,
    "name": "Huyện Như Thanh",
    "provinceId": 26
  },
  {
    "id": 290,
    "code": 404,
    "name": "Huyện Nông Cống",
    "provinceId": 26
  },
  {
    "id": 291,
    "code": 405,
    "name": "Huyện Đông Sơn",
    "provinceId": 26
  },
  {
    "id": 292,
    "code": 406,
    "name": "Huyện Quảng Xương",
    "provinceId": 26
  },
  {
    "id": 293,
    "code": 407,
    "name": "Thị xã Nghi Sơn",
    "provinceId": 26
  },
  {
    "id": 294,
    "code": 412,
    "name": "Thành phố Vinh",
    "provinceId": 27
  },
  {
    "id": 295,
    "code": 413,
    "name": "Thị xã Cửa Lò",
    "provinceId": 27
  },
  {
    "id": 296,
    "code": 414,
    "name": "Thị xã Thái Hoà",
    "provinceId": 27
  },
  {
    "id": 297,
    "code": 415,
    "name": "Huyện Quế Phong",
    "provinceId": 27
  },
  {
    "id": 298,
    "code": 416,
    "name": "Huyện Quỳ Châu",
    "provinceId": 27
  },
  {
    "id": 299,
    "code": 417,
    "name": "Huyện Kỳ Sơn",
    "provinceId": 27
  },
  {
    "id": 300,
    "code": 418,
    "name": "Huyện Tương Dương",
    "provinceId": 27
  },
  {
    "id": 301,
    "code": 419,
    "name": "Huyện Nghĩa Đàn",
    "provinceId": 27
  },
  {
    "id": 302,
    "code": 420,
    "name": "Huyện Quỳ Hợp",
    "provinceId": 27
  },
  {
    "id": 303,
    "code": 421,
    "name": "Huyện Quỳnh Lưu",
    "provinceId": 27
  },
  {
    "id": 304,
    "code": 422,
    "name": "Huyện Con Cuông",
    "provinceId": 27
  },
  {
    "id": 305,
    "code": 423,
    "name": "Huyện Tân Kỳ",
    "provinceId": 27
  },
  {
    "id": 306,
    "code": 424,
    "name": "Huyện Anh Sơn",
    "provinceId": 27
  },
  {
    "id": 307,
    "code": 425,
    "name": "Huyện Diễn Châu",
    "provinceId": 27
  },
  {
    "id": 308,
    "code": 426,
    "name": "Huyện Yên Thành",
    "provinceId": 27
  },
  {
    "id": 309,
    "code": 427,
    "name": "Huyện Đô Lương",
    "provinceId": 27
  },
  {
    "id": 310,
    "code": 428,
    "name": "Huyện Thanh Chương",
    "provinceId": 27
  },
  {
    "id": 311,
    "code": 429,
    "name": "Huyện Nghi Lộc",
    "provinceId": 27
  },
  {
    "id": 312,
    "code": 430,
    "name": "Huyện Nam Đàn",
    "provinceId": 27
  },
  {
    "id": 313,
    "code": 431,
    "name": "Huyện Hưng Nguyên",
    "provinceId": 27
  },
  {
    "id": 314,
    "code": 432,
    "name": "Thị xã Hoàng Mai",
    "provinceId": 27
  },
  {
    "id": 315,
    "code": 436,
    "name": "Thành phố Hà Tĩnh",
    "provinceId": 28
  },
  {
    "id": 316,
    "code": 437,
    "name": "Thị xã Hồng Lĩnh",
    "provinceId": 28
  },
  {
    "id": 317,
    "code": 439,
    "name": "Huyện Hương Sơn",
    "provinceId": 28
  },
  {
    "id": 318,
    "code": 440,
    "name": "Huyện Đức Thọ",
    "provinceId": 28
  },
  {
    "id": 319,
    "code": 441,
    "name": "Huyện Vũ Quang",
    "provinceId": 28
  },
  {
    "id": 320,
    "code": 442,
    "name": "Huyện Nghi Xuân",
    "provinceId": 28
  },
  {
    "id": 321,
    "code": 443,
    "name": "Huyện Can Lộc",
    "provinceId": 28
  },
  {
    "id": 322,
    "code": 444,
    "name": "Huyện Hương Khê",
    "provinceId": 28
  },
  {
    "id": 323,
    "code": 445,
    "name": "Huyện Thạch Hà",
    "provinceId": 28
  },
  {
    "id": 324,
    "code": 446,
    "name": "Huyện Cẩm Xuyên",
    "provinceId": 28
  },
  {
    "id": 325,
    "code": 447,
    "name": "Huyện Kỳ Anh",
    "provinceId": 28
  },
  {
    "id": 326,
    "code": 448,
    "name": "Huyện Lộc Hà",
    "provinceId": 28
  },
  {
    "id": 327,
    "code": 449,
    "name": "Thị xã Kỳ Anh",
    "provinceId": 28
  },
  {
    "id": 328,
    "code": 450,
    "name": "Thành Phố Đồng Hới",
    "provinceId": 29
  },
  {
    "id": 329,
    "code": 452,
    "name": "Huyện Minh Hóa",
    "provinceId": 29
  },
  {
    "id": 330,
    "code": 453,
    "name": "Huyện Tuyên Hóa",
    "provinceId": 29
  },
  {
    "id": 331,
    "code": 454,
    "name": "Huyện Quảng Trạch",
    "provinceId": 29
  },
  {
    "id": 332,
    "code": 455,
    "name": "Huyện Bố Trạch",
    "provinceId": 29
  },
  {
    "id": 333,
    "code": 456,
    "name": "Huyện Quảng Ninh",
    "provinceId": 29
  },
  {
    "id": 334,
    "code": 457,
    "name": "Huyện Lệ Thủy",
    "provinceId": 29
  },
  {
    "id": 335,
    "code": 458,
    "name": "Thị xã Ba Đồn",
    "provinceId": 29
  },
  {
    "id": 336,
    "code": 461,
    "name": "Thành phố Đông Hà",
    "provinceId": 30
  },
  {
    "id": 337,
    "code": 462,
    "name": "Thị xã Quảng Trị",
    "provinceId": 30
  },
  {
    "id": 338,
    "code": 464,
    "name": "Huyện Vĩnh Linh",
    "provinceId": 30
  },
  {
    "id": 339,
    "code": 465,
    "name": "Huyện Hướng Hóa",
    "provinceId": 30
  },
  {
    "id": 340,
    "code": 466,
    "name": "Huyện Gio Linh",
    "provinceId": 30
  },
  {
    "id": 341,
    "code": 467,
    "name": "Huyện Đa Krông",
    "provinceId": 30
  },
  {
    "id": 342,
    "code": 468,
    "name": "Huyện Cam Lộ",
    "provinceId": 30
  },
  {
    "id": 343,
    "code": 469,
    "name": "Huyện Triệu Phong",
    "provinceId": 30
  },
  {
    "id": 344,
    "code": 470,
    "name": "Huyện Hải Lăng",
    "provinceId": 30
  },
  {
    "id": 345,
    "code": 471,
    "name": "Huyện Cồn Cỏ",
    "provinceId": 30
  },
  {
    "id": 346,
    "code": 474,
    "name": "Thành phố Huế",
    "provinceId": 31
  },
  {
    "id": 347,
    "code": 476,
    "name": "Huyện Phong Điền",
    "provinceId": 31
  },
  {
    "id": 348,
    "code": 477,
    "name": "Huyện Quảng Điền",
    "provinceId": 31
  },
  {
    "id": 349,
    "code": 478,
    "name": "Huyện Phú Vang",
    "provinceId": 31
  },
  {
    "id": 350,
    "code": 479,
    "name": "Thị xã Hương Thủy",
    "provinceId": 31
  },
  {
    "id": 351,
    "code": 480,
    "name": "Thị xã Hương Trà",
    "provinceId": 31
  },
  {
    "id": 352,
    "code": 481,
    "name": "Huyện A Lưới",
    "provinceId": 31
  },
  {
    "id": 353,
    "code": 482,
    "name": "Huyện Phú Lộc",
    "provinceId": 31
  },
  {
    "id": 354,
    "code": 483,
    "name": "Huyện Nam Đông",
    "provinceId": 31
  },
  {
    "id": 355,
    "code": 490,
    "name": "Quận Liên Chiểu",
    "provinceId": 32
  },
  {
    "id": 356,
    "code": 491,
    "name": "Quận Thanh Khê",
    "provinceId": 32
  },
  {
    "id": 357,
    "code": 492,
    "name": "Quận Hải Châu",
    "provinceId": 32
  },
  {
    "id": 358,
    "code": 493,
    "name": "Quận Sơn Trà",
    "provinceId": 32
  },
  {
    "id": 359,
    "code": 494,
    "name": "Quận Ngũ Hành Sơn",
    "provinceId": 32
  },
  {
    "id": 360,
    "code": 495,
    "name": "Quận Cẩm Lệ",
    "provinceId": 32
  },
  {
    "id": 361,
    "code": 497,
    "name": "Huyện Hòa Vang",
    "provinceId": 32
  },
  {
    "id": 362,
    "code": 498,
    "name": "Huyện Hoàng Sa",
    "provinceId": 32
  },
  {
    "id": 363,
    "code": 502,
    "name": "Thành phố Tam Kỳ",
    "provinceId": 33
  },
  {
    "id": 364,
    "code": 503,
    "name": "Thành phố Hội An",
    "provinceId": 33
  },
  {
    "id": 365,
    "code": 504,
    "name": "Huyện Tây Giang",
    "provinceId": 33
  },
  {
    "id": 366,
    "code": 505,
    "name": "Huyện Đông Giang",
    "provinceId": 33
  },
  {
    "id": 367,
    "code": 506,
    "name": "Huyện Đại Lộc",
    "provinceId": 33
  },
  {
    "id": 368,
    "code": 507,
    "name": "Thị xã Điện Bàn",
    "provinceId": 33
  },
  {
    "id": 369,
    "code": 508,
    "name": "Huyện Duy Xuyên",
    "provinceId": 33
  },
  {
    "id": 370,
    "code": 509,
    "name": "Huyện Quế Sơn",
    "provinceId": 33
  },
  {
    "id": 371,
    "code": 510,
    "name": "Huyện Nam Giang",
    "provinceId": 33
  },
  {
    "id": 372,
    "code": 511,
    "name": "Huyện Phước Sơn",
    "provinceId": 33
  },
  {
    "id": 373,
    "code": 512,
    "name": "Huyện Hiệp Đức",
    "provinceId": 33
  },
  {
    "id": 374,
    "code": 513,
    "name": "Huyện Thăng Bình",
    "provinceId": 33
  },
  {
    "id": 375,
    "code": 514,
    "name": "Huyện Tiên Phước",
    "provinceId": 33
  },
  {
    "id": 376,
    "code": 515,
    "name": "Huyện Bắc Trà My",
    "provinceId": 33
  },
  {
    "id": 377,
    "code": 516,
    "name": "Huyện Nam Trà My",
    "provinceId": 33
  },
  {
    "id": 378,
    "code": 517,
    "name": "Huyện Núi Thành",
    "provinceId": 33
  },
  {
    "id": 379,
    "code": 518,
    "name": "Huyện Phú Ninh",
    "provinceId": 33
  },
  {
    "id": 380,
    "code": 519,
    "name": "Huyện Nông Sơn",
    "provinceId": 33
  },
  {
    "id": 381,
    "code": 522,
    "name": "Thành phố Quảng Ngãi",
    "provinceId": 34
  },
  {
    "id": 382,
    "code": 524,
    "name": "Huyện Bình Sơn",
    "provinceId": 34
  },
  {
    "id": 383,
    "code": 525,
    "name": "Huyện Trà Bồng",
    "provinceId": 34
  },
  {
    "id": 384,
    "code": 527,
    "name": "Huyện Sơn Tịnh",
    "provinceId": 34
  },
  {
    "id": 385,
    "code": 528,
    "name": "Huyện Tư Nghĩa",
    "provinceId": 34
  },
  {
    "id": 386,
    "code": 529,
    "name": "Huyện Sơn Hà",
    "provinceId": 34
  },
  {
    "id": 387,
    "code": 530,
    "name": "Huyện Sơn Tây",
    "provinceId": 34
  },
  {
    "id": 388,
    "code": 531,
    "name": "Huyện Minh Long",
    "provinceId": 34
  },
  {
    "id": 389,
    "code": 532,
    "name": "Huyện Nghĩa Hành",
    "provinceId": 34
  },
  {
    "id": 390,
    "code": 533,
    "name": "Huyện Mộ Đức",
    "provinceId": 34
  },
  {
    "id": 391,
    "code": 534,
    "name": "Thị xã Đức Phổ",
    "provinceId": 34
  },
  {
    "id": 392,
    "code": 535,
    "name": "Huyện Ba Tơ",
    "provinceId": 34
  },
  {
    "id": 393,
    "code": 536,
    "name": "Huyện Lý Sơn",
    "provinceId": 34
  },
  {
    "id": 394,
    "code": 540,
    "name": "Thành phố Qui Nhơn",
    "provinceId": 35
  },
  {
    "id": 395,
    "code": 542,
    "name": "Huyện An Lão",
    "provinceId": 35
  },
  {
    "id": 396,
    "code": 543,
    "name": "Thị xã Hoài Nhơn",
    "provinceId": 35
  },
  {
    "id": 397,
    "code": 544,
    "name": "Huyện Hoài Ân",
    "provinceId": 35
  },
  {
    "id": 398,
    "code": 545,
    "name": "Huyện Phù Mỹ",
    "provinceId": 35
  },
  {
    "id": 399,
    "code": 546,
    "name": "Huyện Vĩnh Thạnh",
    "provinceId": 35
  },
  {
    "id": 400,
    "code": 547,
    "name": "Huyện Tây Sơn",
    "provinceId": 35
  },
  {
    "id": 401,
    "code": 548,
    "name": "Huyện Phù Cát",
    "provinceId": 35
  },
  {
    "id": 402,
    "code": 549,
    "name": "Thị xã An Nhơn",
    "provinceId": 35
  },
  {
    "id": 403,
    "code": 550,
    "name": "Huyện Tuy Phước",
    "provinceId": 35
  },
  {
    "id": 404,
    "code": 551,
    "name": "Huyện Vân Canh",
    "provinceId": 35
  },
  {
    "id": 405,
    "code": 555,
    "name": "Thành phố Tuy Hoà",
    "provinceId": 36
  },
  {
    "id": 406,
    "code": 557,
    "name": "Thị xã Sông Cầu",
    "provinceId": 36
  },
  {
    "id": 407,
    "code": 558,
    "name": "Huyện Đồng Xuân",
    "provinceId": 36
  },
  {
    "id": 408,
    "code": 559,
    "name": "Huyện Tuy An",
    "provinceId": 36
  },
  {
    "id": 409,
    "code": 560,
    "name": "Huyện Sơn Hòa",
    "provinceId": 36
  },
  {
    "id": 410,
    "code": 561,
    "name": "Huyện Sông Hinh",
    "provinceId": 36
  },
  {
    "id": 411,
    "code": 562,
    "name": "Huyện Tây Hoà",
    "provinceId": 36
  },
  {
    "id": 412,
    "code": 563,
    "name": "Huyện Phú Hoà",
    "provinceId": 36
  },
  {
    "id": 413,
    "code": 564,
    "name": "Thị xã Đông Hòa",
    "provinceId": 36
  },
  {
    "id": 414,
    "code": 568,
    "name": "Thành phố Nha Trang",
    "provinceId": 37
  },
  {
    "id": 415,
    "code": 569,
    "name": "Thành phố Cam Ranh",
    "provinceId": 37
  },
  {
    "id": 416,
    "code": 570,
    "name": "Huyện Cam Lâm",
    "provinceId": 37
  },
  {
    "id": 417,
    "code": 571,
    "name": "Huyện Vạn Ninh",
    "provinceId": 37
  },
  {
    "id": 418,
    "code": 572,
    "name": "Thị xã Ninh Hòa",
    "provinceId": 37
  },
  {
    "id": 419,
    "code": 573,
    "name": "Huyện Khánh Vĩnh",
    "provinceId": 37
  },
  {
    "id": 420,
    "code": 574,
    "name": "Huyện Diên Khánh",
    "provinceId": 37
  },
  {
    "id": 421,
    "code": 575,
    "name": "Huyện Khánh Sơn",
    "provinceId": 37
  },
  {
    "id": 422,
    "code": 576,
    "name": "Huyện Trường Sa",
    "provinceId": 37
  },
  {
    "id": 423,
    "code": 582,
    "name": "Thành phố Phan Rang-Tháp Chàm",
    "provinceId": 38
  },
  {
    "id": 424,
    "code": 584,
    "name": "Huyện Bác Ái",
    "provinceId": 38
  },
  {
    "id": 425,
    "code": 585,
    "name": "Huyện Ninh Sơn",
    "provinceId": 38
  },
  {
    "id": 426,
    "code": 586,
    "name": "Huyện Ninh Hải",
    "provinceId": 38
  },
  {
    "id": 427,
    "code": 587,
    "name": "Huyện Ninh Phước",
    "provinceId": 38
  },
  {
    "id": 428,
    "code": 588,
    "name": "Huyện Thuận Bắc",
    "provinceId": 38
  },
  {
    "id": 429,
    "code": 589,
    "name": "Huyện Thuận Nam",
    "provinceId": 38
  },
  {
    "id": 430,
    "code": 593,
    "name": "Thành phố Phan Thiết",
    "provinceId": 39
  },
  {
    "id": 431,
    "code": 594,
    "name": "Thị xã La Gi",
    "provinceId": 39
  },
  {
    "id": 432,
    "code": 595,
    "name": "Huyện Tuy Phong",
    "provinceId": 39
  },
  {
    "id": 433,
    "code": 596,
    "name": "Huyện Bắc Bình",
    "provinceId": 39
  },
  {
    "id": 434,
    "code": 597,
    "name": "Huyện Hàm Thuận Bắc",
    "provinceId": 39
  },
  {
    "id": 435,
    "code": 598,
    "name": "Huyện Hàm Thuận Nam",
    "provinceId": 39
  },
  {
    "id": 436,
    "code": 599,
    "name": "Huyện Tánh Linh",
    "provinceId": 39
  },
  {
    "id": 437,
    "code": 600,
    "name": "Huyện Đức Linh",
    "provinceId": 39
  },
  {
    "id": 438,
    "code": 601,
    "name": "Huyện Hàm Tân",
    "provinceId": 39
  },
  {
    "id": 439,
    "code": 602,
    "name": "Huyện Phú Quí",
    "provinceId": 39
  },
  {
    "id": 440,
    "code": 608,
    "name": "Thành phố Kon Tum",
    "provinceId": 40
  },
  {
    "id": 441,
    "code": 610,
    "name": "Huyện Đắk Glei",
    "provinceId": 40
  },
  {
    "id": 442,
    "code": 611,
    "name": "Huyện Ngọc Hồi",
    "provinceId": 40
  },
  {
    "id": 443,
    "code": 612,
    "name": "Huyện Đắk Tô",
    "provinceId": 40
  },
  {
    "id": 444,
    "code": 613,
    "name": "Huyện Kon Plông",
    "provinceId": 40
  },
  {
    "id": 445,
    "code": 614,
    "name": "Huyện Kon Rẫy",
    "provinceId": 40
  },
  {
    "id": 446,
    "code": 615,
    "name": "Huyện Đắk Hà",
    "provinceId": 40
  },
  {
    "id": 447,
    "code": 616,
    "name": "Huyện Sa Thầy",
    "provinceId": 40
  },
  {
    "id": 448,
    "code": 617,
    "name": "Huyện Tu Mơ Rông",
    "provinceId": 40
  },
  {
    "id": 449,
    "code": 618,
    "name": "Huyện Ia H' Drai",
    "provinceId": 40
  },
  {
    "id": 450,
    "code": 622,
    "name": "Thành phố Pleiku",
    "provinceId": 41
  },
  {
    "id": 451,
    "code": 623,
    "name": "Thị xã An Khê",
    "provinceId": 41
  },
  {
    "id": 452,
    "code": 624,
    "name": "Thị xã Ayun Pa",
    "provinceId": 41
  },
  {
    "id": 453,
    "code": 625,
    "name": "Huyện KBang",
    "provinceId": 41
  },
  {
    "id": 454,
    "code": 626,
    "name": "Huyện Đăk Đoa",
    "provinceId": 41
  },
  {
    "id": 455,
    "code": 627,
    "name": "Huyện Chư Păh",
    "provinceId": 41
  },
  {
    "id": 456,
    "code": 628,
    "name": "Huyện Ia Grai",
    "provinceId": 41
  },
  {
    "id": 457,
    "code": 629,
    "name": "Huyện Mang Yang",
    "provinceId": 41
  },
  {
    "id": 458,
    "code": 630,
    "name": "Huyện Kông Chro",
    "provinceId": 41
  },
  {
    "id": 459,
    "code": 631,
    "name": "Huyện Đức Cơ",
    "provinceId": 41
  },
  {
    "id": 460,
    "code": 632,
    "name": "Huyện Chư Prông",
    "provinceId": 41
  },
  {
    "id": 461,
    "code": 633,
    "name": "Huyện Chư Sê",
    "provinceId": 41
  },
  {
    "id": 462,
    "code": 634,
    "name": "Huyện Đăk Pơ",
    "provinceId": 41
  },
  {
    "id": 463,
    "code": 635,
    "name": "Huyện Ia Pa",
    "provinceId": 41
  },
  {
    "id": 464,
    "code": 637,
    "name": "Huyện Krông Pa",
    "provinceId": 41
  },
  {
    "id": 465,
    "code": 638,
    "name": "Huyện Phú Thiện",
    "provinceId": 41
  },
  {
    "id": 466,
    "code": 639,
    "name": "Huyện Chư Pưh",
    "provinceId": 41
  },
  {
    "id": 467,
    "code": 643,
    "name": "Thành phố Buôn Ma Thuột",
    "provinceId": 42
  },
  {
    "id": 468,
    "code": 644,
    "name": "Thị Xã Buôn Hồ",
    "provinceId": 42
  },
  {
    "id": 469,
    "code": 645,
    "name": "Huyện Ea H'leo",
    "provinceId": 42
  },
  {
    "id": 470,
    "code": 646,
    "name": "Huyện Ea Súp",
    "provinceId": 42
  },
  {
    "id": 471,
    "code": 647,
    "name": "Huyện Buôn Đôn",
    "provinceId": 42
  },
  {
    "id": 472,
    "code": 648,
    "name": "Huyện Cư M'gar",
    "provinceId": 42
  },
  {
    "id": 473,
    "code": 649,
    "name": "Huyện Krông Búk",
    "provinceId": 42
  },
  {
    "id": 474,
    "code": 650,
    "name": "Huyện Krông Năng",
    "provinceId": 42
  },
  {
    "id": 475,
    "code": 651,
    "name": "Huyện Ea Kar",
    "provinceId": 42
  },
  {
    "id": 476,
    "code": 652,
    "name": "Huyện M'Đrắk",
    "provinceId": 42
  },
  {
    "id": 477,
    "code": 653,
    "name": "Huyện Krông Bông",
    "provinceId": 42
  },
  {
    "id": 478,
    "code": 654,
    "name": "Huyện Krông Pắc",
    "provinceId": 42
  },
  {
    "id": 479,
    "code": 655,
    "name": "Huyện Krông A Na",
    "provinceId": 42
  },
  {
    "id": 480,
    "code": 656,
    "name": "Huyện Lắk",
    "provinceId": 42
  },
  {
    "id": 481,
    "code": 657,
    "name": "Huyện Cư Kuin",
    "provinceId": 42
  },
  {
    "id": 482,
    "code": 660,
    "name": "Thành phố Gia Nghĩa",
    "provinceId": 43
  },
  {
    "id": 483,
    "code": 661,
    "name": "Huyện Đăk Glong",
    "provinceId": 43
  },
  {
    "id": 484,
    "code": 662,
    "name": "Huyện Cư Jút",
    "provinceId": 43
  },
  {
    "id": 485,
    "code": 663,
    "name": "Huyện Đắk Mil",
    "provinceId": 43
  },
  {
    "id": 486,
    "code": 664,
    "name": "Huyện Krông Nô",
    "provinceId": 43
  },
  {
    "id": 487,
    "code": 665,
    "name": "Huyện Đắk Song",
    "provinceId": 43
  },
  {
    "id": 488,
    "code": 666,
    "name": "Huyện Đắk R'Lấp",
    "provinceId": 43
  },
  {
    "id": 489,
    "code": 667,
    "name": "Huyện Tuy Đức",
    "provinceId": 43
  },
  {
    "id": 490,
    "code": 672,
    "name": "Thành phố Đà Lạt",
    "provinceId": 44
  },
  {
    "id": 491,
    "code": 673,
    "name": "Thành phố Bảo Lộc",
    "provinceId": 44
  },
  {
    "id": 492,
    "code": 674,
    "name": "Huyện Đam Rông",
    "provinceId": 44
  },
  {
    "id": 493,
    "code": 675,
    "name": "Huyện Lạc Dương",
    "provinceId": 44
  },
  {
    "id": 494,
    "code": 676,
    "name": "Huyện Lâm Hà",
    "provinceId": 44
  },
  {
    "id": 495,
    "code": 677,
    "name": "Huyện Đơn Dương",
    "provinceId": 44
  },
  {
    "id": 496,
    "code": 678,
    "name": "Huyện Đức Trọng",
    "provinceId": 44
  },
  {
    "id": 497,
    "code": 679,
    "name": "Huyện Di Linh",
    "provinceId": 44
  },
  {
    "id": 498,
    "code": 680,
    "name": "Huyện Bảo Lâm",
    "provinceId": 44
  },
  {
    "id": 499,
    "code": 681,
    "name": "Huyện Đạ Huoai",
    "provinceId": 44
  },
  {
    "id": 500,
    "code": 682,
    "name": "Huyện Đạ Tẻh",
    "provinceId": 44
  },
  {
    "id": 501,
    "code": 683,
    "name": "Huyện Cát Tiên",
    "provinceId": 44
  },
  {
    "id": 502,
    "code": 688,
    "name": "Thị xã Phước Long",
    "provinceId": 45
  },
  {
    "id": 503,
    "code": 689,
    "name": "Thành phố Đồng Xoài",
    "provinceId": 45
  },
  {
    "id": 504,
    "code": 690,
    "name": "Thị xã Bình Long",
    "provinceId": 45
  },
  {
    "id": 505,
    "code": 691,
    "name": "Huyện Bù Gia Mập",
    "provinceId": 45
  },
  {
    "id": 506,
    "code": 692,
    "name": "Huyện Lộc Ninh",
    "provinceId": 45
  },
  {
    "id": 507,
    "code": 693,
    "name": "Huyện Bù Đốp",
    "provinceId": 45
  },
  {
    "id": 508,
    "code": 694,
    "name": "Huyện Hớn Quản",
    "provinceId": 45
  },
  {
    "id": 509,
    "code": 695,
    "name": "Huyện Đồng Phú",
    "provinceId": 45
  },
  {
    "id": 510,
    "code": 696,
    "name": "Huyện Bù Đăng",
    "provinceId": 45
  },
  {
    "id": 511,
    "code": 697,
    "name": "Huyện Chơn Thành",
    "provinceId": 45
  },
  {
    "id": 512,
    "code": 698,
    "name": "Huyện Phú Riềng",
    "provinceId": 45
  },
  {
    "id": 513,
    "code": 703,
    "name": "Thành phố Tây Ninh",
    "provinceId": 46
  },
  {
    "id": 514,
    "code": 705,
    "name": "Huyện Tân Biên",
    "provinceId": 46
  },
  {
    "id": 515,
    "code": 706,
    "name": "Huyện Tân Châu",
    "provinceId": 46
  },
  {
    "id": 516,
    "code": 707,
    "name": "Huyện Dương Minh Châu",
    "provinceId": 46
  },
  {
    "id": 517,
    "code": 708,
    "name": "Huyện Châu Thành",
    "provinceId": 46
  },
  {
    "id": 518,
    "code": 709,
    "name": "Thị xã Hòa Thành",
    "provinceId": 46
  },
  {
    "id": 519,
    "code": 710,
    "name": "Huyện Gò Dầu",
    "provinceId": 46
  },
  {
    "id": 520,
    "code": 711,
    "name": "Huyện Bến Cầu",
    "provinceId": 46
  },
  {
    "id": 521,
    "code": 712,
    "name": "Thị xã Trảng Bàng",
    "provinceId": 46
  },
  {
    "id": 522,
    "code": 718,
    "name": "Thành phố Thủ Dầu Một",
    "provinceId": 47
  },
  {
    "id": 523,
    "code": 719,
    "name": "Huyện Bàu Bàng",
    "provinceId": 47
  },
  {
    "id": 524,
    "code": 720,
    "name": "Huyện Dầu Tiếng",
    "provinceId": 47
  },
  {
    "id": 525,
    "code": 721,
    "name": "Thị xã Bến Cát",
    "provinceId": 47
  },
  {
    "id": 526,
    "code": 722,
    "name": "Huyện Phú Giáo",
    "provinceId": 47
  },
  {
    "id": 527,
    "code": 723,
    "name": "Thị xã Tân Uyên",
    "provinceId": 47
  },
  {
    "id": 528,
    "code": 724,
    "name": "Thành phố Dĩ An",
    "provinceId": 47
  },
  {
    "id": 529,
    "code": 725,
    "name": "Thành phố Thuận An",
    "provinceId": 47
  },
  {
    "id": 530,
    "code": 726,
    "name": "Huyện Bắc Tân Uyên",
    "provinceId": 47
  },
  {
    "id": 531,
    "code": 731,
    "name": "Thành phố Biên Hòa",
    "provinceId": 48
  },
  {
    "id": 532,
    "code": 732,
    "name": "Thành phố Long Khánh",
    "provinceId": 48
  },
  {
    "id": 533,
    "code": 734,
    "name": "Huyện Tân Phú",
    "provinceId": 48
  },
  {
    "id": 534,
    "code": 735,
    "name": "Huyện Vĩnh Cửu",
    "provinceId": 48
  },
  {
    "id": 535,
    "code": 736,
    "name": "Huyện Định Quán",
    "provinceId": 48
  },
  {
    "id": 536,
    "code": 737,
    "name": "Huyện Trảng Bom",
    "provinceId": 48
  },
  {
    "id": 537,
    "code": 738,
    "name": "Huyện Thống Nhất",
    "provinceId": 48
  },
  {
    "id": 538,
    "code": 739,
    "name": "Huyện Cẩm Mỹ",
    "provinceId": 48
  },
  {
    "id": 539,
    "code": 740,
    "name": "Huyện Long Thành",
    "provinceId": 48
  },
  {
    "id": 540,
    "code": 741,
    "name": "Huyện Xuân Lộc",
    "provinceId": 48
  },
  {
    "id": 541,
    "code": 742,
    "name": "Huyện Nhơn Trạch",
    "provinceId": 48
  },
  {
    "id": 542,
    "code": 747,
    "name": "Thành phố Vũng Tàu",
    "provinceId": 49
  },
  {
    "id": 543,
    "code": 748,
    "name": "Thành phố Bà Rịa",
    "provinceId": 49
  },
  {
    "id": 544,
    "code": 750,
    "name": "Huyện Châu Đức",
    "provinceId": 49
  },
  {
    "id": 545,
    "code": 751,
    "name": "Huyện Xuyên Mộc",
    "provinceId": 49
  },
  {
    "id": 546,
    "code": 752,
    "name": "Huyện Long Điền",
    "provinceId": 49
  },
  {
    "id": 547,
    "code": 753,
    "name": "Huyện Đất Đỏ",
    "provinceId": 49
  },
  {
    "id": 548,
    "code": 754,
    "name": "Thị xã Phú Mỹ",
    "provinceId": 49
  },
  {
    "id": 549,
    "code": 755,
    "name": "Huyện Côn Đảo",
    "provinceId": 49
  },
  {
    "id": 550,
    "code": 760,
    "name": "Quận 1",
    "provinceId": 50
  },
  {
    "id": 551,
    "code": 761,
    "name": "Quận 12",
    "provinceId": 50
  },
  {
    "id": 552,
    "code": 762,
    "name": "Quận Thủ Đức",
    "provinceId": 50
  },
  {
    "id": 553,
    "code": 763,
    "name": "Quận 9",
    "provinceId": 50
  },
  {
    "id": 554,
    "code": 764,
    "name": "Quận Gò Vấp",
    "provinceId": 50
  },
  {
    "id": 555,
    "code": 765,
    "name": "Quận Bình Thạnh",
    "provinceId": 50
  },
  {
    "id": 556,
    "code": 766,
    "name": "Quận Tân Bình",
    "provinceId": 50
  },
  {
    "id": 557,
    "code": 767,
    "name": "Quận Tân Phú",
    "provinceId": 50
  },
  {
    "id": 558,
    "code": 768,
    "name": "Quận Phú Nhuận",
    "provinceId": 50
  },
  {
    "id": 559,
    "code": 769,
    "name": "Quận 2",
    "provinceId": 50
  },
  {
    "id": 560,
    "code": 770,
    "name": "Quận 3",
    "provinceId": 50
  },
  {
    "id": 561,
    "code": 771,
    "name": "Quận 10",
    "provinceId": 50
  },
  {
    "id": 562,
    "code": 772,
    "name": "Quận 11",
    "provinceId": 50
  },
  {
    "id": 563,
    "code": 773,
    "name": "Quận 4",
    "provinceId": 50
  },
  {
    "id": 564,
    "code": 774,
    "name": "Quận 5",
    "provinceId": 50
  },
  {
    "id": 565,
    "code": 775,
    "name": "Quận 6",
    "provinceId": 50
  },
  {
    "id": 566,
    "code": 776,
    "name": "Quận 8",
    "provinceId": 50
  },
  {
    "id": 567,
    "code": 777,
    "name": "Quận Bình Tân",
    "provinceId": 50
  },
  {
    "id": 568,
    "code": 778,
    "name": "Quận 7",
    "provinceId": 50
  },
  {
    "id": 569,
    "code": 783,
    "name": "Huyện Củ Chi",
    "provinceId": 50
  },
  {
    "id": 570,
    "code": 784,
    "name": "Huyện Hóc Môn",
    "provinceId": 50
  },
  {
    "id": 571,
    "code": 785,
    "name": "Huyện Bình Chánh",
    "provinceId": 50
  },
  {
    "id": 572,
    "code": 786,
    "name": "Huyện Nhà Bè",
    "provinceId": 50
  },
  {
    "id": 573,
    "code": 787,
    "name": "Huyện Cần Giờ",
    "provinceId": 50
  },
  {
    "id": 574,
    "code": 794,
    "name": "Thành phố Tân An",
    "provinceId": 51
  },
  {
    "id": 575,
    "code": 795,
    "name": "Thị xã Kiến Tường",
    "provinceId": 51
  },
  {
    "id": 576,
    "code": 796,
    "name": "Huyện Tân Hưng",
    "provinceId": 51
  },
  {
    "id": 577,
    "code": 797,
    "name": "Huyện Vĩnh Hưng",
    "provinceId": 51
  },
  {
    "id": 578,
    "code": 798,
    "name": "Huyện Mộc Hóa",
    "provinceId": 51
  },
  {
    "id": 579,
    "code": 799,
    "name": "Huyện Tân Thạnh",
    "provinceId": 51
  },
  {
    "id": 580,
    "code": 800,
    "name": "Huyện Thạnh Hóa",
    "provinceId": 51
  },
  {
    "id": 581,
    "code": 801,
    "name": "Huyện Đức Huệ",
    "provinceId": 51
  },
  {
    "id": 582,
    "code": 802,
    "name": "Huyện Đức Hòa",
    "provinceId": 51
  },
  {
    "id": 583,
    "code": 803,
    "name": "Huyện Bến Lức",
    "provinceId": 51
  },
  {
    "id": 584,
    "code": 804,
    "name": "Huyện Thủ Thừa",
    "provinceId": 51
  },
  {
    "id": 585,
    "code": 805,
    "name": "Huyện Tân Trụ",
    "provinceId": 51
  },
  {
    "id": 586,
    "code": 806,
    "name": "Huyện Cần Đước",
    "provinceId": 51
  },
  {
    "id": 587,
    "code": 807,
    "name": "Huyện Cần Giuộc",
    "provinceId": 51
  },
  {
    "id": 588,
    "code": 808,
    "name": "Huyện Châu Thành",
    "provinceId": 51
  },
  {
    "id": 589,
    "code": 815,
    "name": "Thành phố Mỹ Tho",
    "provinceId": 52
  },
  {
    "id": 590,
    "code": 816,
    "name": "Thị xã Gò Công",
    "provinceId": 52
  },
  {
    "id": 591,
    "code": 817,
    "name": "Thị xã Cai Lậy",
    "provinceId": 52
  },
  {
    "id": 592,
    "code": 818,
    "name": "Huyện Tân Phước",
    "provinceId": 52
  },
  {
    "id": 593,
    "code": 819,
    "name": "Huyện Cái Bè",
    "provinceId": 52
  },
  {
    "id": 594,
    "code": 820,
    "name": "Huyện Cai Lậy",
    "provinceId": 52
  },
  {
    "id": 595,
    "code": 821,
    "name": "Huyện Châu Thành",
    "provinceId": 52
  },
  {
    "id": 596,
    "code": 822,
    "name": "Huyện Chợ Gạo",
    "provinceId": 52
  },
  {
    "id": 597,
    "code": 823,
    "name": "Huyện Gò Công Tây",
    "provinceId": 52
  },
  {
    "id": 598,
    "code": 824,
    "name": "Huyện Gò Công Đông",
    "provinceId": 52
  },
  {
    "id": 599,
    "code": 825,
    "name": "Huyện Tân Phú Đông",
    "provinceId": 52
  },
  {
    "id": 600,
    "code": 829,
    "name": "Thành phố Bến Tre",
    "provinceId": 53
  },
  {
    "id": 601,
    "code": 831,
    "name": "Huyện Châu Thành",
    "provinceId": 53
  },
  {
    "id": 602,
    "code": 832,
    "name": "Huyện Chợ Lách",
    "provinceId": 53
  },
  {
    "id": 603,
    "code": 833,
    "name": "Huyện Mỏ Cày Nam",
    "provinceId": 53
  },
  {
    "id": 604,
    "code": 834,
    "name": "Huyện Giồng Trôm",
    "provinceId": 53
  },
  {
    "id": 605,
    "code": 835,
    "name": "Huyện Bình Đại",
    "provinceId": 53
  },
  {
    "id": 606,
    "code": 836,
    "name": "Huyện Ba Tri",
    "provinceId": 53
  },
  {
    "id": 607,
    "code": 837,
    "name": "Huyện Thạnh Phú",
    "provinceId": 53
  },
  {
    "id": 608,
    "code": 838,
    "name": "Huyện Mỏ Cày Bắc",
    "provinceId": 53
  },
  {
    "id": 609,
    "code": 842,
    "name": "Thành phố Trà Vinh",
    "provinceId": 54
  },
  {
    "id": 610,
    "code": 844,
    "name": "Huyện Càng Long",
    "provinceId": 54
  },
  {
    "id": 611,
    "code": 845,
    "name": "Huyện Cầu Kè",
    "provinceId": 54
  },
  {
    "id": 612,
    "code": 846,
    "name": "Huyện Tiểu Cần",
    "provinceId": 54
  },
  {
    "id": 613,
    "code": 847,
    "name": "Huyện Châu Thành",
    "provinceId": 54
  },
  {
    "id": 614,
    "code": 848,
    "name": "Huyện Cầu Ngang",
    "provinceId": 54
  },
  {
    "id": 615,
    "code": 849,
    "name": "Huyện Trà Cú",
    "provinceId": 54
  },
  {
    "id": 616,
    "code": 850,
    "name": "Huyện Duyên Hải",
    "provinceId": 54
  },
  {
    "id": 617,
    "code": 851,
    "name": "Thị xã Duyên Hải",
    "provinceId": 54
  },
  {
    "id": 618,
    "code": 855,
    "name": "Thành phố Vĩnh Long",
    "provinceId": 55
  },
  {
    "id": 619,
    "code": 857,
    "name": "Huyện Long Hồ",
    "provinceId": 55
  },
  {
    "id": 620,
    "code": 858,
    "name": "Huyện Mang Thít",
    "provinceId": 55
  },
  {
    "id": 621,
    "code": 859,
    "name": "Huyện  Vũng Liêm",
    "provinceId": 55
  },
  {
    "id": 622,
    "code": 860,
    "name": "Huyện Tam Bình",
    "provinceId": 55
  },
  {
    "id": 623,
    "code": 861,
    "name": "Thị xã Bình Minh",
    "provinceId": 55
  },
  {
    "id": 624,
    "code": 862,
    "name": "Huyện Trà Ôn",
    "provinceId": 55
  },
  {
    "id": 625,
    "code": 863,
    "name": "Huyện Bình Tân",
    "provinceId": 55
  },
  {
    "id": 626,
    "code": 866,
    "name": "Thành phố Cao Lãnh",
    "provinceId": 56
  },
  {
    "id": 627,
    "code": 867,
    "name": "Thành phố Sa Đéc",
    "provinceId": 56
  },
  {
    "id": 628,
    "code": 868,
    "name": "Thành phố Hồng Ngự",
    "provinceId": 56
  },
  {
    "id": 629,
    "code": 869,
    "name": "Huyện Tân Hồng",
    "provinceId": 56
  },
  {
    "id": 630,
    "code": 870,
    "name": "Huyện Hồng Ngự",
    "provinceId": 56
  },
  {
    "id": 631,
    "code": 871,
    "name": "Huyện Tam Nông",
    "provinceId": 56
  },
  {
    "id": 632,
    "code": 872,
    "name": "Huyện Tháp Mười",
    "provinceId": 56
  },
  {
    "id": 633,
    "code": 873,
    "name": "Huyện Cao Lãnh",
    "provinceId": 56
  },
  {
    "id": 634,
    "code": 874,
    "name": "Huyện Thanh Bình",
    "provinceId": 56
  },
  {
    "id": 635,
    "code": 875,
    "name": "Huyện Lấp Vò",
    "provinceId": 56
  },
  {
    "id": 636,
    "code": 876,
    "name": "Huyện Lai Vung",
    "provinceId": 56
  },
  {
    "id": 637,
    "code": 877,
    "name": "Huyện Châu Thành",
    "provinceId": 56
  },
  {
    "id": 638,
    "code": 883,
    "name": "Thành phố Long Xuyên",
    "provinceId": 57
  },
  {
    "id": 639,
    "code": 884,
    "name": "Thành phố Châu Đốc",
    "provinceId": 57
  },
  {
    "id": 640,
    "code": 886,
    "name": "Huyện An Phú",
    "provinceId": 57
  },
  {
    "id": 641,
    "code": 887,
    "name": "Thị xã Tân Châu",
    "provinceId": 57
  },
  {
    "id": 642,
    "code": 888,
    "name": "Huyện Phú Tân",
    "provinceId": 57
  },
  {
    "id": 643,
    "code": 889,
    "name": "Huyện Châu Phú",
    "provinceId": 57
  },
  {
    "id": 644,
    "code": 890,
    "name": "Huyện Tịnh Biên",
    "provinceId": 57
  },
  {
    "id": 645,
    "code": 891,
    "name": "Huyện Tri Tôn",
    "provinceId": 57
  },
  {
    "id": 646,
    "code": 892,
    "name": "Huyện Châu Thành",
    "provinceId": 57
  },
  {
    "id": 647,
    "code": 893,
    "name": "Huyện Chợ Mới",
    "provinceId": 57
  },
  {
    "id": 648,
    "code": 894,
    "name": "Huyện Thoại Sơn",
    "provinceId": 57
  },
  {
    "id": 649,
    "code": 899,
    "name": "Thành phố Rạch Giá",
    "provinceId": 58
  },
  {
    "id": 650,
    "code": 900,
    "name": "Thành phố Hà Tiên",
    "provinceId": 58
  },
  {
    "id": 651,
    "code": 902,
    "name": "Huyện Kiên Lương",
    "provinceId": 58
  },
  {
    "id": 652,
    "code": 903,
    "name": "Huyện Hòn Đất",
    "provinceId": 58
  },
  {
    "id": 653,
    "code": 904,
    "name": "Huyện Tân Hiệp",
    "provinceId": 58
  },
  {
    "id": 654,
    "code": 905,
    "name": "Huyện Châu Thành",
    "provinceId": 58
  },
  {
    "id": 655,
    "code": 906,
    "name": "Huyện Giồng Riềng",
    "provinceId": 58
  },
  {
    "id": 656,
    "code": 907,
    "name": "Huyện Gò Quao",
    "provinceId": 58
  },
  {
    "id": 657,
    "code": 908,
    "name": "Huyện An Biên",
    "provinceId": 58
  },
  {
    "id": 658,
    "code": 909,
    "name": "Huyện An Minh",
    "provinceId": 58
  },
  {
    "id": 659,
    "code": 910,
    "name": "Huyện Vĩnh Thuận",
    "provinceId": 58
  },
  {
    "id": 660,
    "code": 911,
    "name": "Huyện Phú Quốc",
    "provinceId": 58
  },
  {
    "id": 661,
    "code": 912,
    "name": "Huyện Kiên Hải",
    "provinceId": 58
  },
  {
    "id": 662,
    "code": 913,
    "name": "Huyện U Minh Thượng",
    "provinceId": 58
  },
  {
    "id": 663,
    "code": 914,
    "name": "Huyện Giang Thành",
    "provinceId": 58
  },
  {
    "id": 664,
    "code": 916,
    "name": "Quận Ninh Kiều",
    "provinceId": 59
  },
  {
    "id": 665,
    "code": 917,
    "name": "Quận Ô Môn",
    "provinceId": 59
  },
  {
    "id": 666,
    "code": 918,
    "name": "Quận Bình Thuỷ",
    "provinceId": 59
  },
  {
    "id": 667,
    "code": 919,
    "name": "Quận Cái Răng",
    "provinceId": 59
  },
  {
    "id": 668,
    "code": 923,
    "name": "Quận Thốt Nốt",
    "provinceId": 59
  },
  {
    "id": 669,
    "code": 924,
    "name": "Huyện Vĩnh Thạnh",
    "provinceId": 59
  },
  {
    "id": 670,
    "code": 925,
    "name": "Huyện Cờ Đỏ",
    "provinceId": 59
  },
  {
    "id": 671,
    "code": 926,
    "name": "Huyện Phong Điền",
    "provinceId": 59
  },
  {
    "id": 672,
    "code": 927,
    "name": "Huyện Thới Lai",
    "provinceId": 59
  },
  {
    "id": 673,
    "code": 930,
    "name": "Thành phố Vị Thanh",
    "provinceId": 60
  },
  {
    "id": 674,
    "code": 931,
    "name": "Thành phố Ngã Bảy",
    "provinceId": 60
  },
  {
    "id": 675,
    "code": 932,
    "name": "Huyện Châu Thành A",
    "provinceId": 60
  },
  {
    "id": 676,
    "code": 933,
    "name": "Huyện Châu Thành",
    "provinceId": 60
  },
  {
    "id": 677,
    "code": 934,
    "name": "Huyện Phụng Hiệp",
    "provinceId": 60
  },
  {
    "id": 678,
    "code": 935,
    "name": "Huyện Vị Thuỷ",
    "provinceId": 60
  },
  {
    "id": 679,
    "code": 936,
    "name": "Huyện Long Mỹ",
    "provinceId": 60
  },
  {
    "id": 680,
    "code": 937,
    "name": "Thị xã Long Mỹ",
    "provinceId": 60
  },
  {
    "id": 681,
    "code": 941,
    "name": "Thành phố Sóc Trăng",
    "provinceId": 61
  },
  {
    "id": 682,
    "code": 942,
    "name": "Huyện Châu Thành",
    "provinceId": 61
  },
  {
    "id": 683,
    "code": 943,
    "name": "Huyện Kế Sách",
    "provinceId": 61
  },
  {
    "id": 684,
    "code": 944,
    "name": "Huyện Mỹ Tú",
    "provinceId": 61
  },
  {
    "id": 685,
    "code": 945,
    "name": "Huyện Cù Lao Dung",
    "provinceId": 61
  },
  {
    "id": 686,
    "code": 946,
    "name": "Huyện Long Phú",
    "provinceId": 61
  },
  {
    "id": 687,
    "code": 947,
    "name": "Huyện Mỹ Xuyên",
    "provinceId": 61
  },
  {
    "id": 688,
    "code": 948,
    "name": "Thị xã Ngã Năm",
    "provinceId": 61
  },
  {
    "id": 689,
    "code": 949,
    "name": "Huyện Thạnh Trị",
    "provinceId": 61
  },
  {
    "id": 690,
    "code": 950,
    "name": "Thị xã Vĩnh Châu",
    "provinceId": 61
  },
  {
    "id": 691,
    "code": 951,
    "name": "Huyện Trần Đề",
    "provinceId": 61
  },
  {
    "id": 692,
    "code": 954,
    "name": "Thành phố Bạc Liêu",
    "provinceId": 62
  },
  {
    "id": 693,
    "code": 956,
    "name": "Huyện Hồng Dân",
    "provinceId": 62
  },
  {
    "id": 694,
    "code": 957,
    "name": "Huyện Phước Long",
    "provinceId": 62
  },
  {
    "id": 695,
    "code": 958,
    "name": "Huyện Vĩnh Lợi",
    "provinceId": 62
  },
  {
    "id": 696,
    "code": 959,
    "name": "Thị xã Giá Rai",
    "provinceId": 62
  },
  {
    "id": 697,
    "code": 960,
    "name": "Huyện Đông Hải",
    "provinceId": 62
  },
  {
    "id": 698,
    "code": 961,
    "name": "Huyện Hoà Bình",
    "provinceId": 62
  },
  {
    "id": 699,
    "code": 964,
    "name": "Thành phố Cà Mau",
    "provinceId": 63
  },
  {
    "id": 700,
    "code": 966,
    "name": "Huyện U Minh",
    "provinceId": 63
  },
  {
    "id": 701,
    "code": 967,
    "name": "Huyện Thới Bình",
    "provinceId": 63
  },
  {
    "id": 702,
    "code": 968,
    "name": "Huyện Trần Văn Thời",
    "provinceId": 63
  },
  {
    "id": 703,
    "code": 969,
    "name": "Huyện Cái Nước",
    "provinceId": 63
  },
  {
    "id": 704,
    "code": 970,
    "name": "Huyện Đầm Dơi",
    "provinceId": 63
  },
  {
    "id": 705,
    "code": 971,
    "name": "Huyện Năm Căn",
    "provinceId": 63
  },
  {
    "id": 706,
    "code": 972,
    "name": "Huyện Phú Tân",
    "provinceId": 63
  },
  {
    "id": 707,
    "code": 973,
    "name": "Huyện Ngọc Hiển",
    "provinceId": 63
  }
]